Config,Accuracy (%),Loop Rate (%),Truncation Rate (%)
Baseline,20.0,0.0,53.333333333333336
Greedy Logic,26.666666666666668,0.0,63.33333333333333
High Variance,30.0,0.0,56.666666666666664
Loop Breaker 1,16.666666666666664,0.0,30.0
Loop Breaker 2,36.666666666666664,0.0,26.666666666666668
Prob Clipping,26.666666666666668,0.0,46.666666666666664
